time,ground_truth_x,ground_truth_y,laggy_x,laggy_y,predicted_x,predicted_y,error_px
1791284172.431669,489,423,501,457,501.0,457.0,36.05551275463989
1791284172.498297,489,395,491,438,490.9356689453125,437.87774658203125,42.921416172101544
1791284172.531712,494,394,489,423,485.1482238769531,394.2533264160156,8.85540031876561
1791284172.5655968,499,383,489,395,488.3205871582031,354.4195251464844,30.510545742381847
1791284172.598128,507,379,494,394,501.5023498535156,372.73681640625,8.333764207257056
1791284172.632391,516,379,499,383,511.1623840332031,356.20257568359375,23.30504416868758
1791284172.6667619,516,372,507,379,526.45458984375,360.25006103515625,15.727667165813056
1791284172.698745,522,372,516,379,539.8442993164062,371.8553466796875,17.844885616797157
1791284172.732521,525,368,516,372,525.7510375976562,357.3832092285156,10.64332202644311
1791284172.76542,524,368,522,372,536.2676391601562,365.3133850097656,12.558378504789191
1791284172.7991302,521,365,525,368,536.2557373046875,358.576416015625,16.55294390475461
1791284172.832365,521,364,524,368,526.854248046875,363.92388916015625,5.854742782930901
1791284172.865626,523,365,521,365,516.5517578125,358.2814636230469,9.31227997630533
1791284172.898525,529,369,521,364,518.870361328125,359.3404846191406,13.996993141950322
1791284172.932339,529,371,523,365,525.7352294921875,364.9128112792969,6.907430273997533
1791284172.965266,532,373,529,369,540.9259033203125,376.2016296386719,9.48273074735268
1791284172.998882,535,376,529,371,534.2007446289062,377.7243347167969,1.9005629070812593
1791284173.031477,540,380,532,373,539.1972045898438,379.32391357421875,1.0495586337568794
1791284173.0656672,549,384,535,376,543.3038330078125,383.845947265625,5.698249788123964
1791284173.098211,561,386,540,380,552.3922729492188,390.4515380859375,9.690673676855669
1791284173.1315389,578,397,549,384,569.9194946289062,395.3045349121094,8.256462251868587
1791284173.165153,625,406,561,386,591.3810424804688,394.3812255859375,35.57007483243351
1791284173.198099,688,420,578,397,620.9016723632812,419.750732421875,67.09879064461565
1791284173.2329988,728,429,625,406,725.6193237304688,431.6915588378906,3.593342243390735
1791284173.266047,755,448,688,420,843.4306030273438,455.54205322265625,88.75164290644449
1791284173.298387,776,457,728,429,860.71728515625,458.9937744140625,84.74074309716399
1791284173.3314471,799,474,755,448,857.3665771484375,493.6557312011719,61.587377741524506
1791284173.366239,807,476,776,457,855.7062377929688,493.1021728515625,51.62152570575514
1791284173.399075,806,474,799,474,871.8611450195312,518.67236328125,79.5820988942595
1791284173.431644,808,473,807,476,849.3236083984375,497.370361328125,47.974525764522
1791284173.466335,810,473,806,474,821.097412109375,478.6998596191406,12.475614421871686
1791284173.498299,808,474,808,473,816.8298950195312,472.54791259765625,8.94849729731133
1791284173.532133,804,472,810,473,816.739013671875,472.62945556640625,12.75455540747297
1791284173.565303,808,473,808,474,807.3515625,475.6046142578125,2.684117475708992
1791284173.598999,811,474,804,472,796.3714599609375,469.199462890625,15.396081976039916
1791284173.631724,811,475,808,473,811.5855102539062,473.4186706542969,1.686245758189249
1791284173.666375,811,477,811,474,818.1831665039062,476.05816650390625,7.2446484633282875
1791284173.698935,811,477,811,475,814.1748657226562,477.695556640625,3.250164826161148
1791284173.7325928,816,483,811,477,812.08837890625,481.5840148925781,4.160023245789677
1791284173.765185,812,483,811,477,811.3900756835938,479.036376953125,4.010276216105605
1791284173.7988732,810,481,816,483,824.9367065429688,494.2894287109375,19.992851667880082
1791284173.831687,810,484,812,483,809.0761108398438,488.1624450683594,4.2637448478260875
1791284173.868806,807,486,810,481,804.8006591796875,479.31964111328125,7.033085730975774
1791284173.898313,793,474,810,484,807.7267456054688,488.3144836425781,20.537319155182594
1791284173.93182,736,457,807,486,801.1431274414062,491.234130859375,73.59077909999395
1791284173.966358,666,443,793,474,765.5173950195312,455.541259765625,100.30451190241797
1791284173.998668,591,427,736,457,621.9476318359375,418.0607604980469,32.21282227818624
1791284174.031349,533,409,666,443,495.2429504394531,402.35504150390625,38.33732208869578
1791284174.066679,501,408,591,427,383.2718200683594,381.2623596191406,120.72624305905039
1791284174.099315,492,413,533,409,341.30792236328125,357.6332092285156,160.541532890415
1791284174.1321971,490,408,501,408,372.20166015625,386.2920227050781,119.78182311260946
1791284174.166262,489,406,492,413,423.2546691894531,413.5149841308594,66.17343507688952
1791284174.199007,490,406,490,408,460.146240234375,400.2825622558594,30.396316660111534
1791284174.232893,498,411,489,406,476.7419738769531,399.043701171875,24.389685449295293
1791284174.265854,500,411,490,406,487.21307373046875,403.0850830078125,15.038330838748255
1791284174.298968,502,409,498,411,511.3030700683594,418.7708435058594,13.491348913759454
1791284174.33257,507,412,500,411,509.7283630371094,414.6796569824219,3.8242027150383913
1791284174.3664372,505,414,502,409,509.4173278808594,406.8282470703125,8.422993867473656
1791284174.399175,506,410,507,412,518.7381591796875,416.1581726074219,14.148632059314359
1791284174.4319239,516,410,505,414,506.4470520019531,419.44439697265625,13.433370747154504
1791284174.4666429,558,424,506,410,507.9653015136719,405.3160705566406,53.40936502208388
1791284174.4993012,656,438,516,410,534.5579223632812,407.61572265625,125.18539263997515
1791284174.532479,724,458,558,424,639.3982543945312,447.6465148925781,85.23291625517724
1791284174.566247,715,453,656,438,864.9727172851562,473.63555908203125,151.38573984534148
1791284174.59945,657,446,724,458,935.8399047851562,508.5470886230469,285.7688415412259
1791284174.632234,606,416,715,453,785.4216918945312,465.36773681640625,186.0895401699678
1791284174.666733,620,423,657,446,578.9721069335938,437.36175537109375,43.46893174219498
1791284174.6993248,675,428,606,416,477.2223815917969,358.57989501953125,209.6071022621135
1791284174.7326772,671,412,620,423,591.5988159179688,410.590087890625,79.41370086946442
1791284174.766297,636,361,675,428,763.2933959960938,433.2247314453125,146.35580103489525
1791284174.799416,660,372,671,412,705.0083618164062,386.61236572265625,47.320966446271946
1791284174.8316731,727,387,636,361,586.242919921875,259.817626953125,189.70480122009081
1791284174.866642,757,356,660,372,678.1709594726562,346.1300354003906,79.4445330507968
1791284174.899252,719,351,727,387,856.3136596679688,405.6016540527344,147.77138341609052
1791284174.93271,738,335,757,356,864.0949096679688,310.7019348144531,128.4146495378712
1791284174.9655528,758,393,719,351,697.436279296875,320.40362548828125,94.54204280452089
1791284174.9993799,780,388,738,335,757.343017578125,294.8992919921875,95.81795595827076
1791284175.032586,743,367,758,393,803.121337890625,478.0340576171875,126.26613647647423
1791284175.066793,717,351,780,388,837.9656982421875,418.6949768066406,138.61929893081836
1791284175.099224,719,351,743,367,702.6689453125,340.7196350097656,19.297389759720158
1791284175.132478,732,345,717,351,651.4168090820312,310.2390441894531,87.76089509220262
1791284175.1662872,746,347,719,351,693.4512939453125,332.9772033691406,54.38754759476099
1791284175.1992881,764,391,732,345,746.1160278320312,327.9147644042969,65.57120870221968
1791284175.2329621,799,448,746,347,777.835205078125,343.58526611328125,106.53818656575359
1791284175.265858,815,476,764,391,809.67431640625,467.4521179199219,10.071206173823404
1791284175.29926,814,482,799,448,879.7020263671875,582.5839233398438,120.1410916514003
1791284175.332622,804,478,815,476,878.4968872070312,584.1583251953125,129.68953778856203
1791284175.366545,796,474,814,482,837.6456909179688,535.9684448242188,74.66225101058251
1791284175.399267,791,473,804,478,794.635498046875,491.16314697265625,18.523410970961688
1791284175.432277,791,481,796,474,776.9159545898438,470.76666259765625,17.40923690187341
1791284175.466572,797,482,791,473,773.7483520507812,469.25506591796875,26.51551389488294
1791284175.499109,809,483,791,481,783.896240234375,493.5718688964844,27.239000832164646
1791284175.532615,791,484,797,482,805.0712280273438,489.4129333496094,15.07644870799545
1791284175.566386,789,499,809,483,834.1300048828125,487.7201232910156,46.51830778621002
1791284175.599373,768,509,791,484,770.2285766601562,487.58795166015625,21.527711630314975
1791284175.631962,749,530,789,499,775.2244873046875,526.7203369140625,26.428770768822694
1791284175.66706,719,542,768,509,725.5999145507812,539.1729736328125,7.179899035389524
1791284175.698768,677,555,749,530,696.2599487304688,580.01611328125,31.571372298343597
1791284175.7321138,628,541,719,542,645.8194580078125,583.1065673828125,45.72194331451281
1791284175.76576,611,434,677,555,570.0067138671875,595.6966552734375,166.81204343387057
1791284175.7987268,579,406,628,541,495.9634704589844,532.81640625,151.58319871404285
1791284175.832643,589,381,611,434,526.2128295898438,240.72959899902344,153.68153488655938
1791284175.866658,610,364,579,406,488.9603576660156,268.3534851074219,154.2687616707771
1791284175.899295,630,356,589,381,569.8770751953125,283.775146484375,93.97444095297188
1791284175.932374,666,358,610,364,641.6300659179688,296.34674072265625,66.29493243591037
1791284175.966155,707,354,630,356,680.594970703125,314.24444580078125,47.725566123995286
1791284175.99898,732,355,666,358,751.385986328125,345.2349853515625,21.706496193500424
1791284176.03174,758,351,707,354,815.1045532226562,342.9080810546875,57.67503056762682
1791284176.066751,766,355,732,355,822.5103759765625,352.12274169921875,56.58357719640803
1791284176.099555,771,357,758,351,841.3163452148438,343.0465087890625,71.68743489166556
1791284176.131935,774,368,766,355,812.1046752929688,358.67999267578125,39.2279086328353
1791284176.1664388,765,384,771,357,798.00927734375,362.505859375,39.39048707446866
1791284176.1999009,760,401,774,368,790.06103515625,389.90533447265625,32.043056000152795
1791284176.232907,750,413,765,384,755.1163330078125,421.3773193359375,9.816126664988793
1791284176.2663722,742,430,760,401,746.1906127929688,446.7986145019531,17.313424986576837
1791284176.29968,729,439,750,413,726.4749755859375,453.6423034667969,14.858425189278421
1791284176.33279,724,453,742,430,717.8634033203125,476.4123840332031,24.203254841597985
1791284176.366335,717,455,729,439,696.1243286132812,474.2864685058594,28.421145706564566
1791284176.399462,715,472,724,453,701.1428833007812,491.9200744628906,24.26580000376815
1791284176.43259,716,493,717,455,695.7218627929688,474.6288757324219,27.362402223525315
1791284176.466649,703,517,715,472,702.6591796875,509.3363037109375,7.67127103525895
1791284176.499242,702,536,716,493,712.9863891601562,546.27587890625,15.043085922586245
1791284176.532554,694,547,703,517,679.360107421875,581.1542358398438,37.15963240537649
1791284176.567491,679,545,702,536,689.3501586914062,597.2054443359375,53.22155769281806
1791284176.600278,674,545,694,547,675.1315307617188,591.5018310546875,46.51559580724958
1791284176.633364,674,544,679,545,645.2446899414062,558.3079223632812,32.11828916551357
1791284176.666927,669,543,674,545,650.29833984375,549.5081787109375,19.801729286437812
1791284176.700186,666,542,674,544,664.5628662109375,543.77001953125,2.279983041312283
1791284176.733417,666,540,669,543,656.897216796875,540.9647216796875,9.153761519853667
1791284176.7665122,668,547,666,542,655.5848388671875,539.3292846679688,14.593700684156758
1791284176.800079,665,553,666,540,661.7472534179688,535.3466796875,17.950489641863285
1791284176.8331509,662,557,668,547,669.9972534179688,557.3204345703125,8.003670442057457
1791284176.867135,654,551,665,553,660.7859497070312,568.3771362304688,18.655132725301826
1791284176.898453,643,541,662,557,654.7105712890625,570.6549072265625,31.88339697291121
1791284176.93347,637,537,654,551,636.907470703125,545.92236328125,8.922843055516468
1791284176.967941,631,534,643,541,615.514404296875,520.2792358398438,20.689684468818555
1791284177.004748,625,526,637,537,615.4552001953125,521.3588256835938,10.613373749512053
1791284177.035722,622,530,631,534,612.1489868164062,522.6972045898438,12.262678400167601
1791284177.073896,620,523,625,526,607.8450927734375,508.31231689453125,19.064884072372784
1791284177.104616,618,531,622,530,608.9413452148438,528.6041870117188,9.370119870708772
1791284177.138718,609,540,620,523,612.2210083007812,511.2327880859375,28.946975244095558
1791284177.173463,601,532,618,531,611.075927734375,539.0369262695312,12.289941050760428
1791284177.2044642,587,537,609,540,590.366943359375,560.0164184570312,23.261380573267964
1791284177.240843,580,543,601,532,579.2802124023438,526.453369140625,16.562279039496975
1791284177.273298,575,540,587,537,552.3373413085938,542.3110961914062,22.780194568289
1791284177.30778,578,550,580,543,554.5558471679688,555.8656616210938,24.166801366022998
1791284177.340971,571,548,575,540,555.5632934570312,540.631103515625,17.105336719607962
1791284177.37499,560,550,578,550,575.786865234375,567.2366943359375,23.37367633811288
1791284177.405683,559,534,571,548,558.4732666015625,552.3657836914062,18.37333553475126
1791284177.4406679,547,532,560,550,535.249267578125,554.7399291992188,25.596564074812576
1791284177.475231,533,526,559,534,545.48779296875,507.7580871582031,22.10683960583411
1791284177.50767,527,531,547,532,521.1531982421875,517.093017578125,15.086061476657836
1791284177.5383732,517,531,533,526,497.92425537109375,510.0519714355469,28.332030175834376
1791284177.568544,519,529,527,531,501.0054626464844,532.8484497070312,18.40146569473796
1791284177.604448,518,528,517,531,487.7847900390625,532.5946044921875,30.56254739747926
1791284177.6749408,512,534,519,529,509.3099060058594,526.0538940429688,8.389112323582214
1791284177.7063339,505,527,518,528,513.4823608398438,524.9691772460938,8.7220803983395
1791284177.737419,507,518,512,534,504.192138671875,540.7799072265625,22.952303990858397
1791284177.77343,496,516,505,527,490.1093444824219,519.8711547851562,7.048805700075137
1791284177.8032708,495,515,507,518,503.3934631347656,498.085205078125,18.882809924472518
1791284177.8416152,491,515,496,516,475.9497375488281,504.58349609375,18.303386393727134
1791284177.8749928,491,516,495,515,483.1269836425781,508.1499328613281,11.117910804008478
1791284177.906681,491,519,491,515,480.4424743652344,512.8572998046875,12.214504214998886
1791284177.941633,483,525,491,516,486.52691650390625,516.9510498046875,8.787760765527668
1791284177.973174,499,534,491,519,489.2920227050781,524.8519287109375,13.339116592506727
1791284178.008436,499,536,483,525,468.4135437011719,537.9910278320312,30.651190853669057
1791284178.04005,509,539,499,534,520.2327270507812,555.8955078125,20.288724485280028
1791284178.07587,506,536,499,536,508.6342468261719,548.24853515625,12.528602069468437
1791284178.1092858,495,531,509,539,530.406494140625,549.3494873046875,39.878860461088905
1791284178.1402712,496,535,506,536,509.32269287109375,534.5940551757812,13.328876041804959
1791284178.175859,504,534,495,531,476.63775634765625,521.3074951171875,30.162759454175358
1791284178.207072,511,534,496,535,488.63311767578125,537.4149169921875,22.626070868999328
1791284178.2418292,510,536,504,534,515.7302856445312,533.670166015625,6.185814413856078
1791284178.274872,511,534,511,534,529.2951049804688,533.7420654296875,18.29692314267442
1791284178.308497,499,532,510,536,515.6146240234375,539.4241943359375,18.197922765468398
1791284178.341865,494,529,511,534,514.6427001953125,532.0783081054688,20.870961936282413
1791284178.374791,488,528,499,532,479.3388366699219,527.4810791015625,8.67669459697212
1791284178.40716,482,528,494,529,476.1672058105469,521.763427734375,8.539105437976573
1791284178.4420822,483,531,488,528,470.0306091308594,523.0938110351562,15.189237092901188
1791284178.475151,481,528,482,528,463.69805908203125,526.0062255859375,17.41643752157862
1791284178.5083258,485,533,483,531,477.6181335449219,535.5882568359375,7.822469291047737
1791284178.540878,494,544,481,528,475.7146911621094,524.936767578125,26.415134859914442
1791284178.5755122,505,562,485,533,489.8420104980469,540.2153930664062,26.539286821474725
1791284178.606855,511,564,494,544,512.3806762695312,566.9369506835938,3.2452960233403245
1791284178.640993,516,570,505,562,532.02978515625,603.1688232421875,36.83917544445058
1791284178.6728919,510,562,511,564,533.987060546875,586.60205078125,34.36044202746308
1791284178.7069418,509,534,516,570,533.7763671875,588.7651977539062,60.10902807427753
1791284178.739444,496,514,510,562,506.9471435546875,555.9059448242188,43.31221725584367
1791284178.774167,491,488,509,534,505.156494140625,481.14947509765625,15.72692016229439
1791284178.805631,487,490,496,514,471.4317626953125,454.3991394042969,38.85603283828331
1791284178.839937,472,475,491,488,471.7743225097656,418.8778991699219,56.12255457399506
1791284178.875241,471,471,487,490,471.6087646484375,462.4121398925781,8.6094097139023
1791284178.9075048,471,479,472,475,439.6222229003906,439.4154052734375,50.512424564447215
1791284178.94073,461,472,471,471,456.02899169921875,449.8954772949219,22.656585081290395
1791284178.975265,459,474,471,479,465.15118408203125,484.35687255859375,12.045823957122522
1791284179.0081432,460,479,461,472,441.28131103515625,462.9430236816406,24.66203164889132
1791284179.038743,458,470,459,474,447.1394348144531,473.3225402832031,11.357427089047075
1791284179.073298,456,469,460,479,457.0343017578125,487.80426025390625,18.832683925103517
1791284179.1074638,460,472,458,470,453.44964599609375,458.2923889160156,15.192292098503831
1791284179.1395829,459,482,456,469,450.6173095703125,461.8051452636719,21.86553581921488
1791284179.1744509,460,478,460,472,464.7581481933594,474.49029541015625,5.912529115187457
1791284179.2052631,458,487,459,482,459.7052307128906,501.076904296875,14.179811224680083
1791284179.240927,464,503,460,478,461.85186767578125,479.0997314453125,23.99661037456202
1791284179.274555,481,543,458,487,455.3535461425781,502.7149658203125,47.755885232287966
1791284179.3047009,480,517,464,503,473.3260803222656,537.5650024414062,21.620835536118744
1791284179.3397188,469,517,481,543,514.831787109375,627.5049438476562,119.63233394201056
1791284179.375778,452,510,480,517,494.8962097167969,511.8829345703125,42.937515655467266
1791284179.4085288,452,513,469,517,454.3691101074219,511.1009216308594,3.0363104836670285
1791284179.440775,451,529,452,510,416.2496643066406,495.7818908691406,48.07315888342318
1791284179.4756212,440,513,452,513,435.8204040527344,511.7715148925781,4.356397358088054
1791284179.506549,435,532,451,529,443.138671875,557.381591796875,26.654515227857893
1791284179.541357,461,552,440,513,417.9883728027344,497.2135009765625,69.6531445765493
1791284179.574827,459,530,435,532,415.6379089355469,556.7207641601562,50.9339786270876
1791284179.6064541,454,579,461,552,499.4670715332031,598.5783081054688,49.50317911082149
1791284179.641048,457,563,459,530,473.608154296875,511.7077941894531,53.91401641558813
1791284179.674742,452,570,454,579,450.54107666015625,655.1669311523438,85.17942603246162
1791284179.705584,467,580,457,563,460.1968078613281,568.5972900390625,13.277997504478982
1791284179.740684,449,558,452,570,444.85089111328125,581.8387451171875,24.197125310996746
1791284179.7748978,451,601,467,580,489.99896240234375,603.4260864257812,39.07435173876569
1791284179.807426,431,561,449,558,427.3800048828125,528.697509765625,32.50469566063269
1791284179.841266,450,578,451,601,444.06707763671875,661.8279418945312,84.03763091640334
1791284179.87446,440,549,431,561,393.5096740722656,520.415771484375,54.57479752321982
1791284179.906376,443,553,450,578,466.99664306640625,587.261962890625,41.82966626181791
1791284179.9405482,446,557,440,549,431.6554260253906,503.9324951171875,54.972055419097885
1791284179.973412,455,564,443,553,443.6328125,538.3018188476562,28.099990501756967
1791284180.0084312,449,556,446,557,451.9297790527344,559.4998168945312,4.564244033034112
1791284180.042453,464,612,455,564,473.51788330078125,577.9905395507812,35.31619320615212
1791284180.076299,443,578,449,556,446.26116943359375,547.9598999023438,30.216598748896494
1791284180.1086562,436,597,464,612,488.1186218261719,705.0875244140625,119.99693194002951
1791284180.141492,433,578,443,578,417.3188781738281,560.81494140625,23.26421760124042
1791284180.176338,422,579,436,597,410.6210021972656,618.6328125,41.23398377133587
1791284180.209055,423,607,433,578,417.128662109375,555.0426025390625,52.28808429785627
1791284180.241751,425,615,422,579,396.94427490234375,569.9916381835938,53.0365566769921
1791284180.275557,434,678,423,607,413.699462890625,652.7474975585938,32.4006278717302
1791284180.308152,371,1094,425,615,425.2810974121094,650.695068359375,446.61583038799927
1791284180.642103,393,696,434,678,450.3289794921875,802.9140014648438,121.31453168866567
1791284180.717489,440,553,371,1094,267.4987487792969,1884.0057373046875,1342.13745734582
1791284180.7855842,460,533,393,696,383.6946716308594,349.0747375488281,199.12560183274985
1791284180.851358,444,644,440,553,495.2445373535156,315.6640930175781,332.3108039509782
1791284180.91613,426,938,460,533,495.1624450683594,464.12176513671875,478.8987630856578
1791284180.986816,521,571,444,644,431.45794677734375,767.1813354492188,215.64993780191057
1791284181.049023,532,531,426,938,400.51898193359375,1326.734375,806.5236845055571
1791284181.117662,529,553,521,571,626.2559204101562,220.5578155517578,346.37626947518464
1791284183.989194,416,123,532,531,571.460693359375,390.20654296875,309.1397156385573
1791284184.042698,580,70,529,553,531.6182861328125,556.6234741210938,489.0226945678587
1791284184.077832,641,65,416,123,287.6746826171875,-362.15911865234375,554.3497925962562
1791284184.111809,693,69,580,70,763.038818359375,-145.63844299316406,225.77665354882745
1791284184.14565,742,81,641,65,828.7642822265625,-29.41891860961914,140.42926424790627
1791284184.179837,773,106,693,69,860.5242919921875,41.8674430847168,108.5056982154658
1791284184.211213,791,138,742,81,895.29833984375,93.41107940673828,113.42978239349033
1791284184.2452202,816,192,773,106,888.4425048828125,156.09169006347656,80.85371504262336
1791284184.279568,831,233,791,138,872.7276611328125,218.3544464111328,44.22318332661288
1791284184.312309,805,292,816,192,891.382080078125,320.7996826171875,91.05649607509797
1791284184.345199,779,321,831,233,887.1798706054688,357.94085693359375,114.31321583790827
1791284184.3792682,753,328,805,292,782.550048828125,448.5027770996094,124.0730618404443
1791284184.410794,737,328,779,321,720.4116821289062,439.0715637207031,112.30344855415021
1791284184.4448068,729,340,753,328,682.435791015625,386.19903564453125,65.59402756978122
1791284184.479578,725,352,737,328,677.04638671875,351.406005859375,47.957291997847136
1791284184.511795,729,367,729,340,691.408935546875,369.1251525878906,37.6510876368906
1791284184.545121,742,380,725,352,704.0000610351562,384.6177978515625,38.27949083164176
1791284184.578788,752,384,729,367,727.5209350585938,407.6319885253906,34.02492471806189
1791284184.610972,759,385,742,380,765.1813354492188,420.0091552734375,35.5506661104321
1791284184.6438909,759,381,752,384,779.9857177734375,407.3445129394531,33.681355561844356
1791284184.67802,758,375,759,385,783.6114501953125,396.17254638671875,33.22985256670167
1791284184.7107441,750,376,759,381,769.091064453125,378.05499267578125,19.201347266556258
1791284184.742739,745,382,758,375,759.7235107421875,362.742431640625,24.241198561360612
1791284184.7774851,737,391,750,376,736.353515625,372.2037048339844,18.807409550895134
1791284184.810559,734,402,745,382,729.595947265625,391.3872375488281,11.490274467224861
1791284184.843441,735,408,737,391,716.8875732421875,410.98931884765625,18.35745162679382
1791284184.8773901,735,412,734,402,720.1035766601562,430.05474853515625,23.406780491720095
1791284184.9114509,734,415,735,408,731.1876831054688,430.68603515625,15.936148381537393
1791284184.9448252,735,414,735,412,733.8585815429688,427.9642028808594,14.010774360892865
1791284184.978716,736,415,734,415,731.8869018554688,426.45635986328125,12.172335752169671
1791284185.011637,735,416,735,414,735.83251953125,416.8414306640625,1.1836783061023715
1791284185.0442472,735,418,736,415,738.2072143554688,417.56707763671875,3.236301236682681
1791284185.077961,738,419,735,416,734.2243041992188,418.834716796875,3.7793117517972004
1791284185.111001,737,421,735,418,734.54931640625,422.74932861328125,3.0109800188509914
1791284185.143889,736,421,738,419,743.1189575195312,422.7667541503906,7.334914886541836
1791284185.1772192,731,418,737,421,737.6000366210938,426.0563659667969,10.414677911041778
1791284185.21086,729,415,736,421,734.2989501953125,423.1720886230469,9.739707677098659
1791284185.243722,728,414,731,418,721.3916015625,413.4875793457031,6.628235423979936
1791284185.277995,723,413,729,415,721.2471313476562,407.6248779296875,5.653714335118987
1791284185.310333,720,410,728,414,723.0513916015625,409.0237731933594,3.2037492854606944
1791284185.343395,716,414,723,413,712.372802734375,409.3577880859375,5.891238533519187
1791284185.377011,711,414,720,410,709.9199829101562,403.1998596191406,10.854007055489868
1791284185.410229,710,413,716,414,704.7653198242188,418.13031005859375,7.329526440366077
1791284185.4433348,708,415,711,414,697.566650390625,416.1200256347656,10.493295073234984
1791284185.4773629,706,418,710,413,702.5679321289062,412.03778076171875,6.879472953440913
1791284185.510375,703,420,708,415,701.620849609375,418.0017395019531,2.427982870206385
1791284185.543489,703,424,706,418,699.9573364257812,424.6297912597656,3.1071592583507512
1791284185.576075,702,430,703,420,695.2047119140625,426.4363098144531,7.673058575916598
1791284185.6089978,699,433,703,424,699.685791015625,433.7213439941406,0.9953122499973157
1791284185.642407,701,440,702,430,699.00830078125,444.86456298828125,5.25650443212266
1791284185.677857,699,442,699,433,692.4489135742188,444.7168273925781,7.092100143054821
1791284185.709901,697,440,701,440,701.6929931640625,457.02862548828125,17.663472785895735
1791284185.742549,696,441,699,442,696.0799560546875,452.23675537109375,11.237039834426389
1791284185.776015,696,442,697,440,692.0758666992188,440.733154296875,4.123556741191592
1791284185.8092642,697,441,696,441,692.072021484375,442.68218994140625,5.207181123163466
1791284185.841921,695,443,696,442,694.4343872070312,444.49908447265625,1.6022397098215289
1791284185.876023,696,447,697,441,698.2015380859375,440.3083190917969,7.044527189318212
1791284185.909058,696,451,695,443,692.0836181640625,446.1128845214844,6.262742560987813
1791284185.943178,694,451,696,447,696.4203491210938,455.429931640625,5.048007944584655
1791284185.977102,695,451,696,451,696.3077392578125,461.7647399902344,10.843883484424534
1791284186.0092769,696,452,694,451,690.6132202148438,455.4201965332031,6.380841698357881
1791284186.0428019,692,453,695,451,695.221923828125,452.55908203125,3.2519535373996784
1791284186.076732,689,454,696,452,698.0057983398438,454.3288269042969,9.011799535660007
1791284186.109909,687,456,692,453,685.8197021484375,455.7502746582031,1.2064268584288975
1791284186.1430998,686,457,689,454,680.9209594726562,456.88299560546875,5.080388046866096
1791284186.1766038,685,457,687,456,680.046630859375,460.7188720703125,6.194019318556121
1791284186.2094269,683,456,686,457,681.3964233398438,460.7953796386719,5.056394365947605
1791284186.242063,681,460,685,457,681.442626953125,458.5212707519531,1.5435539539199779
1791284186.275622,680,461,683,456,678.0150756835938,454.7889404296875,6.520520341800286
1791284186.308655,681,462,681,460,675.29541015625,466.4644775390625,7.2438874219723495
1791284186.343627,680,464,680,461,675.8804931640625,465.7120666503906,4.461110712223534
1791284186.3767931,678,466,681,462,681.1002197265625,465.6579895019531,3.119027658380338
1791284186.408521,678,466,680,464,678.4616088867188,468.87347412109375,2.9103154964527853
1791284186.443597,676,468,678,466,673.7973022460938,471.5893859863281,4.211361912008082
1791284186.476723,673,467,678,466,676.0542602539062,468.4714660644531,3.3902386460880063
1791284186.508932,669,468,676,468,671.8388061523438,472.3296813964844,5.177350805735267
1791284186.541795,669,467,673,467,665.9237670898438,467.1490173339844,3.0798401067841494
1791284186.5763688,664,467,669,468,658.7588500976562,469.6608581542969,5.877909357596974
1791284186.6090932,666,461,669,467,664.6053466796875,465.9822692871094,5.173786343977884
1791284186.642239,669,457,664,467,653.7431030273438,466.492431640625,17.968838684961977
1791284186.675253,677,449,666,461,664.9111328125,450.281494140625,12.156600557288636
1791284186.707668,715,455,669,457,674.2252807617188,445.07177734375,41.966025950436844
1791284186.7419,773,495,677,449,693.5441284179688,429.8622131347656,102.74320807995505
1791284186.776717,778,550,715,455,789.8344116210938,457.19903564453125,93.5525108360137
1791284186.80945,730,623,773,495,907.0964965820312,567.0557861328125,185.72270773076463
1791284186.841933,675,648,778,550,841.9597778320312,676.532470703125,169.38025061424935
1791284186.8770602,556,704,730,623,670.6181030273438,806.8336791992188,153.98725635335745
1791284186.9094741,517,633,675,648,547.2655639648438,772.6802978515625,142.92162177225413
1791284186.94109,498,600,556,704,296.2088317871094,847.5965576171875,319.411538477564
1791284186.975418,495,551,517,633,331.52386474609375,571.41845703125,164.74635105242984
1791284187.0081012,534,522,498,600,386.4673767089844,505.5481262207031,148.4470918744407
1791284187.042173,579,522,495,551,448.7330017089844,426.098876953125,161.76067583131362
1791284187.075582,634,535,534,522,585.3131103515625,416.7599182128906,127.8715377426167
1791284187.108979,689,584,579,522,682.5299682617188,480.5293273925781,103.67276113100611
1791284187.142401,713,612,634,535,775.2182006835938,543.0025024414062,92.90726110295199
1791284187.1771111,700,640,689,584,845.4501342773438,675.301513671875,149.67277116704597
1791284187.2101061,638,694,713,612,820.3218994140625,702.14599609375,182.5037869697802
1791284187.243027,596,707,700,640,717.8676147460938,724.3120727539062,123.0911182292974
1791284187.307724,542,624,638,694,533.7493286132812,823.8804321289062,200.05064540353254
1791284187.340139,554,597,596,707,473.2552490234375,786.2392578125,205.7455017921241
1791284187.370581,585,571,542,624,451.5450439453125,528.9559936523438,139.92113409103118
1791284187.404877,619,556,554,597,528.779541015625,504.5577392578125,103.85584918346437
1791284187.4427469,655,570,585,571,631.5261840820312,482.5650329589844,90.53117416235234
1791284187.476924,675,595,619,556,700.6605224609375,494.92877197265625,103.30882388193618
1791284187.511471,681,601,655,570,746.448486328125,572.841552734375,71.24887728977734
1791284187.54455,680,596,675,595,747.5423583984375,641.066650390625,81.19712529057787
1791284187.5779781,674,602,681,601,719.7719116210938,631.6004028320312,54.50918951211567
1791284187.611161,662,595,680,596,693.3030395507812,599.533203125,31.6295781775585
1791284187.6444988,654,596,674,602,667.9221801757812,612.9180908203125,21.91001820746068
1791284187.678178,652,593,662,595,637.6066284179688,587.5368041992188,15.395312723556435
1791284187.7110322,653,584,654,596,629.1231079101562,593.9380493164062,25.862536613514262
1791284187.74351,647,583,652,593,638.31201171875,587.1175537109375,9.614332474883136
1791284187.777149,648,580,653,584,649.4307861328125,565.5201416015625,14.550376221824973
1791284187.809963,647,579,647,583,635.2565307617188,572.8734130859375,13.245532717336056
1791284187.84263,648,581,648,580,644.6541137695312,570.9373779296875,10.604306558996708
1791284187.877099,652,582,647,579,644.1600952148438,573.4517822265625,11.598971253625411
1791284187.940007,660,588,648,581,648.5883178710938,582.3458251953125,12.735626475881004
1791284187.973016,664,585,652,582,659.3797607421875,584.5565795898438,4.641468782570334
1791284188.0063841,663,587,660,588,671.946533203125,596.329833984375,12.926184995218689
1791284188.042891,663,586,664,585,676.1253051757812,584.4290771484375,13.218980087849113
1791284188.076742,664,587,663,587,666.3820190429688,589.7620239257812,3.647299122316927
1791284188.1094139,662,587,663,586,663.916259765625,585.4548950195312,2.4615850361144376
1791284188.1425412,661,586,664,587,666.0227661132812,588.3754272460938,5.556152808392779
1791284188.177451,660,584,662,587,659.396240234375,587.6669921875,3.716363485690493
1791284188.2102568,653,581,661,586,657.9622802734375,584.4796752929688,6.060723195844214
1791284188.243144,648,580,660,584,657.05419921875,579.834228515625,9.055716629723182
1791284188.277473,650,575,653,581,639.5028076171875,573.87841796875,10.556940568867462
1791284188.310705,647,571,648,580,633.0751953125,575.129150390625,14.524120232682618
1791284188.3439,652,559,650,575,647.5081176757812,564.3894653320312,7.015934961200506
1791284188.377153,661,541,647,571,641.1804809570312,559.3390502929688,27.002483232892455
1791284188.410424,668,510,652,559,658.2379150390625,532.9931640625,24.979669661338672
1791284188.444903,672,491,661,541,679.91796875,497.9522399902344,10.536976321876718
1791284188.478527,679,471,668,510,688.6549072265625,436.9248352050781,35.4165793005848
1791284188.510999,677,450,672,491,687.2625732421875,427.5816650390625,24.655671801272327
1791284188.544283,682,430,679,471,697.3157958984375,410.27935791015625,24.969527997908006
1791284188.577986,685,410,677,450,681.4282836914062,387.1184997558594,23.158588273288206
1791284188.611346,682,399,682,430,692.087890625,368.67059326171875,31.963079488029045
1791284188.6438231,679,385,685,410,694.6170043945312,349.90948486328125,38.40878908295725
1791284188.676865,679,373,682,399,680.697998046875,354.83441162109375,18.244774553801566
1791284188.7094872,676,360,679,385,672.7059936523438,342.0803527832031,18.219885680016098
1791284188.743016,672,350,679,373,676.19189453125,333.9818420410156,16.55757724306603
1791284188.775816,673,342,676,360,669.6444091796875,320.65606689453125,21.606097985617172
1791284188.808615,675,333,672,350,662.2014770507812,316.27099609375,21.063279929227708
1791284188.84263,675,319,673,342,670.5014038085938,313.89385986328125,6.805147668430494
1791284188.877275,682,314,675,333,677.7904052734375,305.50482177734375,9.48096729224375
1791284188.910041,681,307,675,319,676.327392578125,283.359130859375,24.098214743899945
1791284188.942813,689,304,682,314,694.6358032226562,290.8216247558594,14.332894056675402
1791284188.978206,693,299,681,307,685.0713500976562,285.3486328125,15.786808270258026
1791284189.011074,699,299,689,304,704.4974365234375,289.6458740234375,10.84995304665536
1791284189.043565,702,297,693,299,706.3681030273438,285.07073974609375,12.703840925598724
1791284189.07686,705,293,699,299,715.08349609375,293.06878662109375,10.08373071198914
1791284189.109233,708,289,702,297,714.2598266601562,291.2727966308594,6.659657223945439
1791284189.1430268,710,288,705,293,715.1893920898438,283.57421875,6.8203614226069025
1791284189.176064,710,286,708,289,717.58154296875,277.7479553222656,11.20607135218792
1791284189.208985,707,284,710,288,717.3754272460938,281.6182861328125,10.64528306265915
1791284189.243419,708,282,710,286,713.0046997070312,279.99835205078125,5.39014041284365
1791284189.276547,705,277,707,284,702.785888671875,277.9674377441406,2.4162418674709185
1791284189.308707,705,271,708,282,707.794189453125,276.1012268066406,5.816357075760041
1791284189.343335,707,272,705,277,699.8184204101562,265.7731628417969,9.505187341659264
1791284189.376838,709,270,705,271,702.563720703125,255.32174682617188,16.02737681039468
1791284189.409276,710,270,707,272,709.6694946289062,267.4285888671875,2.5925641774648285
1791284189.443414,713,270,709,270,713.7887573242188,265.0283508300781,5.033828918953602
1791284189.476674,716,268,710,270,713.8941040039062,267.85064697265625,2.1111855136724555
1791284189.5095701,718,270,713,270,719.7930908203125,269.2554931640625,1.941511040052727
1791284189.543381,721,269,716,268,724.2027587890625,264.2352294921875,5.741141162960277
1791284189.5777369,721,269,718,270,725.0260009765625,271.8229675292969,4.917095640187071
1791284189.610007,724,267,721,269,729.0755004882812,268.20758056640625,5.21717893414681
1791284189.641973,722,266,721,269,724.2802124023438,268.5779113769531,3.4416559484100984
1791284189.677661,726,265,724,267,730.5073852539062,263.3158874511719,4.811731175393309
1791284189.709567,722,265,722,266,721.3750610351562,262.49432373046875,2.582433402330449
1791284189.7430558,726,266,726,265,732.4541015625,261.9418640136719,7.623902849761157
1791284189.777625,726,267,722,265,718.1038818359375,263.6672668457031,8.570635468772858
1791284189.810577,731,269,726,266,731.037109375,267.2977600097656,1.7026444402945717
1791284189.843128,738,271,726,267,728.3492431640625,269.3591613769531,9.78925221318139
1791284189.877044,744,273,731,269,740.6390380859375,273.53857421875,3.403840063352101
1791284189.910062,750,280,738,271,754.774169921875,276.5521240234375,5.889019204646284
1791284189.943618,761,280,744,273,761.6032104492188,278.7971496582031,1.3456269136753862
1791284189.9769652,773,285,750,280,767.960205078125,294.7453308105469,10.971372086551037
1791284190.009591,782,288,761,280,787.7210693359375,286.40216064453125,5.9400105178769795
1791284190.0430431,796,288,773,285,805.4918212890625,296.10223388671875,12.479617996501084
1791284190.076782,807,289,782,288,811.8894653320312,298.1976318359375,10.416491857750692
1791284190.108694,817,292,796,288,832.84033203125,292.1380920410156,15.84093394570019
1791284190.143235,828,292,807,289,841.6051635742188,292.2081298828125,13.606755451957246
1791284190.176148,831,287,817,292,849.665771484375,298.67169189453125,22.01452740323474
1791284190.208831,833,289,828,292,860.090087890625,294.7640380859375,27.696515971831644
1791284190.242746,837,289,831,287,849.8107299804688,279.2523498535156,16.097561492683845
1791284190.278444,840,288,833,289,843.9310913085938,288.8394470214844,4.019720161700353
1791284190.3112488,843,284,837,289,848.1401977539062,289.2470703125,7.345296441504707
1791284190.343889,847,284,840,288,849.4673461914062,286.3786926269531,3.4272402661278485
1791284190.377177,850,282,843,284,852.2207641601562,276.2713317871094,6.144056717545661
1791284190.4097931,852,282,847,284,857.962646484375,280.476806640625,6.1541263480427215
1791284190.442701,855,278,850,282,859.8864135742188,277.1904296875,4.9530234916857205
1791284190.478545,856,279,852,282,859.6775512695312,279.9097595214844,3.788409392734949
1791284190.511598,858,273,855,278,863.4269409179688,270.15582275390625,6.127073684420722
1791284190.544267,857,273,856,279,860.9556884765625,277.5377502441406,6.0198545332763365
1791284190.577606,856,270,858,273,863.4579467773438,262.1838684082031,10.80337369500737
1791284190.6102998,856,270,857,273,857.5685424804688,268.02801513671875,2.519732091720354
1791284190.643023,857,269,856,270,854.269775390625,262.9024658203125,6.680871910918079
1791284190.677411,859,268,856,270,855.1818237304688,266.913330078125,3.969801197077681
1791284190.710256,860,268,857,269,858.4669799804688,266.0959777832031,2.4444735593455866
1791284190.7438731,862,265,859,268,863.1791381835938,265.09783935546875,1.1831903462618805
1791284190.776735,863,264,860,268,863.6271362304688,266.7704162597656,2.8405115919390838
1791284190.8093529,862,262,862,265,866.97607421875,259.2881774902344,5.667035905566503
1791284190.844378,861,259,863,264,866.9104614257812,259.65576171875,5.946728318783874
1791284190.878001,856,257,862,262,861.83642578125,256.6822814941406,5.845067232205733
1791284190.9099011,849,249,861,259,859.030029296875,251.6565704345703,10.375878477025639
1791284190.9423249,845,242,856,257,846.416015625,250.3987274169922,8.51726026813672
1791284190.9771981,841,234,849,249,832.1361083984375,232.0087127685547,9.08481145442036
1791284191.010205,833,224,845,242,830.4508056640625,221.91123962402344,3.2956504169322303
1791284191.0420868,829,214,841,234,828.4277954101562,212.05572509765625,2.026727161835567
1791284191.076683,832,210,833,224,813.76611328125,197.16722106933594,22.296969299783843
1791284191.109225,829,208,829,214,813.2731323242188,184.4008026123047,28.359416147638484
1791284191.1431308,829,205,832,210,831.2630004882812,191.26324462890625,13.921911482811337
1791284191.177003,830,205,829,208,823.9755249023438,196.87168884277344,10.117496848083231
1791284191.2091699,830,205,829,205,826.7852783203125,195.5350799560547,9.995956528323369
1791284191.242419,830,207,830,205,830.9560546875,201.1982421875,5.8800029149988955
1791284191.276803,833,207,830,205,830.5370483398438,203.5800323486328,4.214535516123268
1791284191.3095412,833,212,830,207,830.2012329101562,210.05189514160156,3.4100160941714117
1791284191.342508,839,218,833,207,838.3148193359375,208.38775634765625,9.636633259309386
1791284191.37654,842,227,833,212,835.4577026367188,221.29881286621094,8.67785627468436
1791284191.409631,841,239,839,218,850.5084228515625,232.81141662597656,11.344984323539423
1791284191.4438882,838,251,842,227,852.2598266601562,248.97280883789062,14.403199657903702
1791284191.477705,841,278,841,239,843.4907836914062,269.5459289550781,8.81336034835532
1791284191.5100951,834,301,838,251,833.4401245117188,284.5697021484375,16.439834185703866
1791284191.5426948,830,321,841,278,844.1015625,338.98223876953125,22.852023457581147
1791284191.578005,828,348,834,301,823.3035888671875,368.7980041503906,21.321661618365273
1791284191.610502,821,367,830,321,817.8134765625,385.32879638671875,18.60372835222905
1791284191.6435368,812,388,828,348,819.7802734375,419.6583557128906,32.60037026179584
1791284191.67738,803,418,821,367,805.3560791015625,431.43426513671875,13.639303079573986
1791284191.7098088,793,445,812,388,789.2683715820312,451.6215515136719,7.600657543792001
1791284191.74301,784,480,803,418,777.6981201171875,496.4730529785156,17.637323053410896
1791284191.77677,773,505,793,445,764.4367065429688,526.7927856445312,23.414856415953558
1791284191.810046,761,518,784,480,756.1593017578125,575.79150390625,57.99388142914756
1791284191.8436391,751,536,773,505,742.377685546875,588.4454345703125,53.14948648667735
1791284191.877219,751,545,761,518,727.0907592773438,575.0286254882812,38.38450391302952
1791284191.910325,745,556,751,536,719.4048461914062,589.953857421875,42.52030494141108
1791284191.943336,739,566,751,545,738.10302734375,582.8634643554688,16.887302626950973
1791284191.976612,734,565,745,556,729.7978515625,590.5294799804688,25.873005228692286
1791284192.009706,726,567,739,566,721.9595947265625,597.9398193359375,31.2025206564161
1791284192.043901,714,582,734,565,718.0700073242188,576.3380737304688,6.9729741646446906
1791284192.077431,700,589,726,567,705.3067626953125,574.4354248046875,15.501244495983945
1791284192.109611,681,594,714,582,684.4938354492188,611.11474609375,17.467725095150442
1791284192.1436338,664,585,700,589,662.978271484375,614.11767578125,29.135596305235183
1791284192.176845,644,600,681,594,631.1558227539062,613.4918823242188,18.628037410839575
1791284192.2093298,623,594,664,585,613.562255859375,576.7243041992188,19.685544947118746
1791284192.244441,598,604,644,600,587.8466186523438,621.8159790039062,20.506103010044647
1791284192.277596,563,591,623,594,561.73779296875,593.91162109375,3.173437250570253
1791284192.310168,534,585,598,604,530.4454345703125,620.5271606445312,35.70453863105165
1791284192.342711,509,572,563,591,473.22747802734375,575.91650390625,35.98627976231838
1791284192.376637,484,560,534,585,443.7447204589844,566.6865234375,40.8068269607617
1791284192.409599,463,547,509,572,426.501708984375,541.08203125,36.9749591100143
1791284192.4440992,442,543,484,560,407.0743103027344,525.919677734375,38.878544333954835
1791284192.4768488,427,532,463,547,393.9432373046875,509.7008056640625,39.87484956618785
1791284192.509084,405,522,442,543,378.1906433105469,521.0783081054688,26.825195657269113
1791284192.5427022,390,516,427,532,373.7297058105469,503.9674987792969,20.236194272579375
1791284192.577514,361,498,405,522,343.5950927734375,491.9925231933594,18.412511321043976
1791284192.6101382,334,478,390,516,338.2285461425781,493.1412048339844,15.720581614704468
1791284192.642467,302,459,361,498,290.4942932128906,457.93536376953125,11.554857808478712
1791284192.678324,274,447,334,478,255.7703857421875,425.13751220703125,28.46554423309606
1791284192.711225,255,442,302,459,211.55604553222656,402.2254333496094,58.90155627845785
1791284192.743855,236,424,274,447,190.77902221679688,404.6052551269531,49.20460304036126
1791284192.776264,227,429,255,442,186.63531494140625,415.703369140625,42.49833163890019
1791284192.8100889,213,417,236,424,174.09532165527344,381.7192077636719,52.51959917906444
1791284192.843025,202,421,227,429,184.99618530273438,419.26922607421875,17.0916731960657
1791284192.877645,202,421,213,417,172.15834045410156,393.23345947265625,40.76156789562853
1791284192.910383,192,422,202,421,165.50331115722656,417.48162841796875,26.87917784055275
1791284192.9429371,202,422,202,421,187.7506103515625,420.4241027832031,14.336267205618968
1791284192.977389,207,421,192,422,169.24310302734375,423.605224609375,37.84667045156115
1791284193.010059,213,424,202,422,209.71046447753906,422.7680969238281,3.512638487321757
1791284193.043272,226,417,207,421,220.04376220703125,419.51495361328125,6.465428085080342
1791284193.077436,247,419,213,424,229.27809143066406,428.54962158203125,20.13110319132808
1791284193.110754,265,408,226,417,255.81251525878906,406.77447509765625,9.2688611574588
1791284193.143481,288,402,247,419,296.27984619140625,417.81243896484375,17.84906381215142
1791284193.176492,311,392,265,408,317.78790283203125,388.6001892089844,7.591728279634628
1791284193.20897,333,385,288,402,351.0147705078125,382.474609375,18.190919555041436
1791284193.242338,353,376,311,392,378.31512451171875,366.19775390625,27.14663068460358
1791284193.278008,382,366,333,385,400.723388671875,361.3914794921875,19.282213167295538
1791284193.31082,396,362,353,376,416.1449279785156,350.50115966796875,23.195720558782607
1791284193.3447711,419,343,382,366,456.1841125488281,338.8614501953125,37.41371166470651
1791284193.3775811,440,338,396,362,452.5824279785156,343.3452453613281,13.670740353299548
1791284193.410231,462,326,419,343,481.4947814941406,302.4830322265625,30.546591933654167
1791284193.442677,489,319,440,338,503.6099548339844,311.20989990234375,16.55706615866976
1791284193.477324,515,305,462,326,527.831298828125,294.0281677246094,16.882634068650113
1791284193.5094929,534,300,489,319,564.93798828125,292.7978210449219,31.76524044599273
1791284193.543663,555,293,515,305,590.7943725585938,270.4033508300781,42.33019797463674
1791284193.576498,571,288,534,300,600.3143310546875,275.8622131347656,31.72784069503741
1791284193.60921,584,278,555,293,618.0029296875,271.4961853027344,34.61934189076155
1791284193.6435661,596,271,571,288,625.6463623046875,270.2107238769531,29.656866906320495
1791284193.6775072,607,266,584,278,629.6787109375,252.96316528320312,26.158803283402747
1791284193.710083,616,262,596,271,634.8515625,248.4810791015625,23.197901434173232
1791284193.7427452,627,260,607,266,641.7884521484375,248.1887664794922,18.926266251498024
1791284193.777621,636,253,616,262,646.52783203125,247.5443878173828,11.857442876326015
1791284193.8105159,646,248,627,260,659.178466796875,250.50390625,13.414228774891454
1791284193.843562,659,242,636,253,664.3619384765625,237.25033569335938,7.163078615526801
1791284193.8780859,671,244,646,248,675.3904418945312,232.3287353515625,12.469739312556701
1791284193.911189,683,239,659,242,694.2357177734375,224.88751220703125,18.038948572215382
1791284193.9441211,692,236,671,244,706.1766967773438,240.6548614501953,14.921342655312996
1791284193.977407,703,237,683,239,718.7922973632812,229.36712646484375,17.54016574647995
1791284194.0100281,707,237,692,236,722.9013671875,226.4052734375,19.107634844894978
1791284194.043752,713,240,703,237,734.9642333984375,234.80726623535156,22.56971494573109
1791284194.077376,714,240,707,237,727.6500244140625,236.36590576171875,14.125502024254263
1791284194.110402,718,241,713,240,731.494873046875,245.08485412597656,14.099561403879948
1791284194.144635,720,240,714,240,723.272216796875,242.30770874023438,4.0041131846521285
1791284194.178568,721,239,718,241,728.5584106445312,243.61228942871094,8.854534727785643
1791284194.2112389,722,240,720,240,727.7891845703125,239.30953979492188,5.830213828320609
1791284194.244452,722,238,721,239,725.8172607421875,236.84812927246094,3.9872654472466755
1791284194.2781382,724,240,722,240,725.6923828125,240.7876739501953,1.8667056103900523
1791284194.310823,725,242,722,238,723.4830322265625,234.9156494140625,7.244944061214063
1791284194.34361,728,245,724,240,728.0330810546875,242.10047912597656,2.8997095811609954
1791284194.3767319,728,249,725,242,728.57421875,246.62228393554688,2.4460704928537975
1791284194.409982,728,250,728,245,734.7907104492188,252.3502960205078,7.185933466790767
1791284194.444849,726,253,728,249,730.9446411132812,259.2249450683594,7.94980608840511
1791284194.478261,727,261,728,250,729.0640869140625,256.1064147949219,5.311085665677364
1791284194.5108511,726,269,726,253,722.86328125,260.46148681640625,9.096439517910612
1791284194.543709,728,287,727,261,727.2770385742188,278.1163330078125,8.913036096148684
1791284194.5767481,722,307,726,269,724.4957885742188,290.7790832519531,16.41179760886261
1791284194.6098702,717,316,728,287,730.8377685546875,328.1686096191406,18.42712399253177
1791284194.644387,710,337,722,307,712.7478637695312,360.2524108886719,23.414212936409562
1791284194.677741,695,358,717,316,703.8477172851562,354.47296142578125,9.524815077579182
1791284194.709801,694,377,710,337,692.404052734375,388.3786315917969,11.49000890236791
1791284194.7425652,687,392,695,358,661.2808837890625,416.6304016113281,35.6108076601335
1791284194.7781289,683,406,694,377,676.9913330078125,436.27618408203125,30.86667137208102
1791284194.810858,681,422,687,392,668.1635131835938,443.4376220703125,24.9869372636448
1791284194.8435462,675,431,683,406,668.7735595703125,449.6690673828125,19.68000603070133
1791284194.8768198,667,436,681,422,671.5781860351562,468.3672180175781,32.689395674590465
1791284194.909672,659,447,675,431,660.6109008789062,466.59625244140625,19.66235264125281
1791284194.944911,654,460,667,436,646.7326049804688,459.0693359375,7.326743203302311
1791284194.9784372,643,472,659,447,636.1348266601562,475.6227111816406,7.762386314251914
1791284195.011109,632,481,654,460,636.3593139648438,493.9215393066406,13.637074330557137
1791284195.0439491,620,495,643,472,616.708740234375,507.2047119140625,12.640703451552096
1791284195.077398,601,520,632,481,601.108642578125,511.84625244140625,8.15447131695582
1791284195.109919,585,538,620,495,585.6425170898438,532.5177001953125,5.519822402869306
1791284195.1434429,571,560,601,520,553.2686767578125,579.7423095703125,26.535987094679392
1791284195.177214,548,570,585,538,535.899169921875,596.0908813476562,28.76046206299773
1791284195.209585,531,572,571,560,526.1952514648438,622.4647827148438,50.692996586732555
1791284195.244113,515,577,548,570,489.56610107421875,613.1832885742188,44.22797289738753
1791284195.278131,490,595,531,572,475.4043884277344,593.2831420898438,14.696240276074704
1791284195.311123,487,641,515,577,465.13397216796875,593.2903442382812,52.48175326771075
1791284195.343891,473,643,490,595,426.35394287109375,632.8095703125,47.74619883183443
1791284195.3777149,461,657,487,641,454.38037109375,738.4757690429688,81.74423788867107
1791284195.410655,440,669,473,643,435.8044738769531,689.9827270507812,21.398067060759388
1791284195.443857,441,689,461,657,424.6201477050781,698.5902709960938,18.980855064563727
1791284195.477937,435,696,440,669,387.7947998046875,707.4275512695312,48.56871270166934
1791284195.510723,441,719,441,689,420.4871826171875,740.0738525390625,29.408892155583924
1791284195.543354,473,714,435,696,417.4794006347656,729.3402709960938,57.60087558456433
1791284195.576965,500,722,441,719,444.21405029296875,772.8546752929688,75.48688749623146
1791284195.611179,518,715,473,714,531.8722534179688,728.7367553710938,19.522752444714826
1791284195.64516,537,709,500,722,573.8114013671875,740.5218505859375,48.463453601433955
1791284195.679116,562,718,518,715,579.6725463867188,710.3927001953125,19.240319802672836
1791284195.712225,570,713,537,709,594.7872924804688,695.774658203125,30.18480194620252
1791284195.7449942,582,711,562,718,629.0256958007812,727.9890747070312,50.00044724748674
1791284195.778225,600,702,570,713,612.4979248046875,709.3360595703125,14.491925146190782
1791284195.810991,613,710,582,711,620.0941772460938,705.353271484375,8.480532807372237
1791284195.8429859,631,682,600,702,647.3662109375,683.7048950195312,16.454772179473256
1791284195.877602,672,632,613,710,656.2846069335938,715.9303588867188,85.38898478190883
1791284195.9104471,676,605,631,682,681.4950561523438,635.748046875,31.235204957621267
1791284195.943402,702,557,672,632,764.1284790039062,523.8799438476562,70.40515622362628
1791284195.977272,719,526,676,605,723.6397094726562,509.5227966308594,17.117976949939948
1791284196.010514,721,495,702,557,765.9793090820312,432.87847900390625,76.69564274693195
1791284196.043071,727,479,719,526,775.45703125,420.128173828125,76.24943143640445
1791284196.076892,739,462,721,495,747.7230834960938,397.217041015625,65.36760635399645
1791284196.109653,744,435,727,479,747.7572021484375,409.5152587890625,25.760213558367088
1791284196.145043,745,423,739,462,768.3074340820312,405.1001281738281,29.387784790310644
1791284196.178325,750,414,744,435,765.5392456054688,363.8463439941406,52.50578410747862
1791284196.210819,762,408,745,423,754.7090454101562,374.1950378417969,34.58227125780938
1791284196.243955,762,405,750,414,762.3562622070312,378.6356506347656,26.366756346056164
1791284196.2778099,764,398,762,408,788.5694580078125,382.8663024902344,28.856317629156152
1791284196.311148,771,385,762,405,773.5737915039062,389.7019348144531,5.360279256246482
1791284196.344183,764,365,764,398,771.6068725585938,379.8826904296875,16.714035555442575
1791284196.378381,767,351,771,385,786.2942504882812,354.5576477050781,19.61950455791351
1791284196.411275,763,334,764,365,758.3756713867188,316.5530700683594,18.049370602965336
1791284196.4445481,756,330,767,351,769.1651000976562,306.3464050292969,27.07050822610061
1791284196.4779909,748,335,763,334,757.2086181640625,285.44732666015625,50.40105240584529
1791284196.5107572,739,340,756,330,740.9370727539062,302.7112731933594,37.33900638359576
1791284196.543637,733,349,748,335,727.36669921875,333.39794921875,16.587889144575797
1791284196.577864,725,356,739,340,714.2022705078125,349.1474914550781,12.788582233566121
1791284196.611263,727,383,733,349,711.8472900390625,369.16796875,20.51657153769292
1791284196.6437068,729,401,725,356,702.6611938476562,376.7660827636719,35.79127622966164
1791284196.67722,726,425,727,383,721.171875,438.89788818359375,14.712650576265984
1791284196.7099829,726,439,729,401,730.7117309570312,458.076416015625,19.64968337181647
1791284196.743428,732,461,726,425,721.6980590820312,490.69891357421875,31.434940021673867
1791284196.776715,732,463,726,439,723.9439697265625,491.75933837890625,29.866355113387563
1791284196.809847,733,478,732,461,741.8303833007812,520.9089965820312,43.8081916645219
1791284196.844536,733,489,732,463,736.5384521484375,491.6372985839844,4.4131607072333034
1791284196.877308,738,493,733,478,736.4321899414062,515.0969848632812,22.15253413106294
1791284196.90996,735,507,733,489,734.3151245117188,523.1907348632812,16.20521366250749
1791284196.944305,726,508,738,493,747.2391357421875,514.4524536132812,22.197636016175526
1791284196.978508,724,507,735,507,733.9197387695312,540.3081665039062,34.753923132614595
1791284197.011225,718,504,726,508,709.3646240234375,523.4758911132812,21.30446086886454
1791284197.0441442,723,517,724,507,713.208984375,510.84429931640625,11.565320483021242
1791284197.077406,734,542,718,504,703.1138305664062,499.9256896972656,52.193898587205005
1791284197.110519,728,541,723,517,725.4456176757812,537.9647216796875,3.9670875387417723
1791284197.143648,732,564,734,542,755.1153564453125,595.7791748046875,39.29676392351837
1791284197.1778948,737,564,728,541,726.9404296875,562.9063110351562,10.118849263822066
1791284197.210619,731,568,732,564,737.7149047851562,612.3724365234375,44.87764554096176
1791284197.243639,730,556,737,564,748.3245849609375,584.4348754882812,33.8279848354092
1791284197.277866,737,590,731,568,725.4866943359375,582.6168212890625,13.677263439437525
1791284197.31088,728,563,730,556,725.24169921875,540.6652221679688,22.504455647849802
1791284197.343986,717,590,737,590,747.4042358398438,642.2669067382812,60.46690910732108
1791284197.376937,721,574,728,563,717.1748046875,540.2595825195312,33.95655887947265
1791284197.4100668,710,585,717,590,692.2254638671875,625.050537109375,43.81757247367865
1791284197.444236,708,593,721,574,717.1593627929688,562.77734375,31.58010255808053
1791284197.477727,685,577,710,585,689.8362426757812,597.861083984375,21.414342582068564
1791284197.510762,692,611,708,593,695.7461547851562,613.1573486328125,4.322942146021275
1791284197.544138,678,621,685,577,640.0045776367188,557.6195678710938,73.89676107523945
1791284197.577002,676,609,692,611,684.1578979492188,661.1178588867188,52.75246452902268
1791284198.510062,714,489,678,621,651.6290283203125,662.0901489257812,183.9846128441656
1791284198.590643,727,465,676,609,660.6258544921875,604.695068359375,154.6616931105525
1791284198.652143,736,472,714,489,775.3233642578125,272.4357604980469,203.40160438046087
1791284198.717613,728,452,727,465,750.146484375,408.5984802246094,48.72533929061698
1791284198.791451,724,436,736,472,752.1689453125,469.481689453125,43.755148367410634
1791284198.851862,736,410,728,452,721.3606567382812,428.1384582519531,23.30909777087643
1791284198.917351,759,414,724,436,718.0155029296875,413.60931396484375,40.986359141603685
1791284198.991688,775,405,736,410,749.803955078125,371.84344482421875,41.643700974214205
1791284199.051191,780,409,759,414,790.2442016601562,410.9292297363281,10.424279113179997
1791284199.118751,772,407,775,405,798.4227294921875,394.9615478515625,29.03592540194878
1791284199.1907442,774,405,780,409,791.8822021484375,411.5674133300781,19.050041247348275
1791284199.253141,791,413,772,407,764.4490356445312,405.3425598144531,27.633134067647852
1791284199.321248,823,439,774,405,774.6466674804688,402.3525085449219,60.67193251985948
1791284199.3868868,850,474,791,413,812.4508666992188,422.353515625,63.85371375211436
1791284199.457241,817,432,823,439,865.515380859375,471.9195861816406,62.827665409783
1791284199.516625,851,366,850,474,891.764892578125,523.5380859375,162.72684163271038
1791284199.593768,944,434,817,432,786.2891845703125,392.5498962402344,163.06689549136664
1791284199.6515222,978,484,851,366,885.9666137695312,270.4047546386719,232.57917581334019
1791284199.7177532,983,509,944,434,1052.47021484375,492.73065185546875,71.34985942161866
1791284199.793421,972,491,978,484,1050.5531005859375,566.004638671875,108.61070589017889
1791284199.851032,948,434,983,509,1002.4526977539062,555.8236694335938,133.4395096174435
1791284199.920644,882,365,972,491,962.2284545898438,478.2215270996094,138.7649780191032
1791284199.989135,777,354,948,434,913.9212646484375,355.84552001953125,136.9337016846837
1791284200.0528781,697,359,882,365,797.6691284179688,268.3664855957031,135.45740049811738
1791284200.119971,637,362,777,354,636.2151489257812,322.1416320800781,39.86609442180861
1791284200.1891,618,377,697,359,567.2432250976562,359.4808349609375,53.69517056638429
1791284200.254055,610,380,637,362,539.90576171875,366.2630615234375,71.42762574058804
1791284200.318305,613,382,618,377,577.9183349609375,395.4649353027344,37.576957096335015
1791284200.393993,607,390,610,380,592.8531494140625,387.7470397949219,14.325125171756994
1791284200.451908,599,418,613,382,613.51123046875,385.88287353515625,35.24323512499874
1791284200.519702,586,451,607,390,600.7228393554688,399.4237365722656,53.63648895904718
1791284200.5896919,571,506,599,418,586.9609985351562,456.67529296875,51.84284133762253
1791284200.653019,576,552,586,451,568.0516357421875,498.3883056640625,54.197696112887165
1791284200.719896,575,598,571,506,550.1231079101562,578.9279174804688,31.346516420194764
1791284200.7878258,602,652,576,552,577.598388671875,625.1369018554688,36.29138571798543
1791284200.856468,676,619,575,598,574.5247802734375,667.634765625,112.52804381998658
1791284200.919044,692,584,602,652,633.9199829101562,729.526611328125,156.6884902914177
1791284200.9905012,713,506,676,619,769.83203125,595.0725708007812,105.6588976142623
1791284201.050689,742,463,692,584,733.6844482421875,533.3246459960938,70.8145764339007
1791284201.1209118,820,439,713,506,743.630615234375,406.72509765625,82.90930135261469
1791284201.188565,814,434,742,463,785.8844604492188,384.2009582519531,57.187657088354825
1791284201.253042,699,410,820,439,919.2393798828125,397.19036865234375,220.61158425256968
1791284201.320204,561,393,814,434,827.2632446289062,420.41424560546875,267.67079837447665
1791284201.390649,483,407,699,410,559.3576049804688,378.2329406738281,81.59673731607654
1791284201.453175,439,427,561,393,365.69207763671875,366.0959777832031,95.30661783635468
1791284201.521451,457,416,483,407,355.89715576171875,418.3814392089844,101.13088729847202
1791284201.588614,546,394,439,427,357.2386779785156,455.0758972167969,198.3963253493755
1791284201.6538298,684,389,457,416,463.6990966796875,408.5575256347656,221.1673231123897
1791284201.720553,762,393,546,394,655.0694580078125,365.6642150878906,110.36931615038702
1791284201.790368,817,399,684,389,876.2416381835938,376.7138366699219,63.29490319647193
1791284201.852701,832,406,762,393,895.2607421875,395.66424560546875,64.09952668325573
1791284201.920704,819,401,817,399,904.9003295898438,406.73712158203125,86.09170219998437
1791284201.989007,798,397,832,406,869.4762573242188,416.53851318359375,74.09864275749861
1791284202.053828,786,398,819,401,809.7420654296875,397.1053161621094,23.75891685320156
1791284202.1201768,776,401,798,397,770.6452026367188,391.2863464355469,11.091840260841153
1791284202.19052,756,401,786,398,765.338623046875,397.99957275390625,9.808794221040966
1791284202.253437,708,387,776,401,759.9375,404.7227783203125,54.878053697638904
1791284202.320092,672,386,756,401,729.9092407226562,401.742431640625,60.010868307618246
1791284202.391695,658,381,708,387,642.5543212890625,369.7431945800781,19.112421591820603
1791284202.4528792,666,386,672,386,615.0118408203125,381.0660705566406,51.226321713404324
1791284202.522442,664,387,658,381,631.9108276367188,374.5843200683594,34.40732612577323
1791284202.587379,693,390,666,386,670.6146850585938,390.7972106933594,22.39950601945392
1791284202.65679,752,405,664,387,663.0609741210938,389.2617492675781,90.32077756754164
1791284202.718753,801,409,693,390,728.036865234375,394.08319091796875,74.47234539086656
1791284202.7943082,827,419,752,405,828.3217163085938,423.3782958984375,4.5734460721295624
1791284202.852623,847,425,801,409,880.1693725585938,418.37188720703125,33.82512609181388
1791284202.921639,851,439,827,419,868.6845092773438,431.454833984375,19.22684057727113
1791284202.9883058,847,439,847,425,882.5178833007812,435.879150390625,35.65472951029431
1791284203.053823,849,435,851,439,862.1324462890625,457.5279235839844,26.076205370815572
1791284203.120755,848,431,847,439,844.0452270507812,442.8360290527344,12.47925529897696
1791284203.1896262,846,442,849,435,850.5811767578125,430.6664733886719,12.224402068649583
1791284203.254692,854,454,848,431,847.1947631835938,425.20794677734375,29.58536085471396
1791284203.32027,856,450,846,442,843.4533081054688,453.8216857910156,13.115820972457152
1791284203.391148,857,457,854,454,863.1804809570312,471.3660888671875,15.639144931873819
1791284203.45338,872,459,856,450,860.507080078125,448.7626037597656,15.391279677473092
1791284203.5201511,890,464,857,457,858.8902587890625,464.5579528808594,31.114744248165728
1791284203.592097,886,457,872,459,891.0986938476562,463.3370666503906,8.133578098452166
1791284203.652674,868,441,890,464,915.7432250976562,470.8089294433594,56.28488089429213
1791284203.721758,808,416,886,457,886.0894775390625,450.2413024902344,85.26683586571907
1791284203.788091,735,390,868,441,844.7902221679688,418.9342956542969,113.53891997329463
1791284203.855244,669,379,808,416,732.4713134765625,382.1347351074219,63.54867582124562
1791284203.919779,648,368,735,390,631.0797729492188,351.69281005859375,23.499330357163174
1791284203.990958,633,371,669,379,569.124267578125,358.2304382324219,65.13962618995419
1791284204.051425,596,374,648,368,601.4373168945312,350.4831848144531,24.137212172964862
1791284204.123656,554,372,633,371,608.2703857421875,371.3783264160156,54.273946297011165
1791284204.186076,514,378,596,374,543.6727905273438,378.1991271972656,29.673458667979908
1791284204.257497,477,370,554,372,496.34912109375,370.4981689453125,19.35553304351691
1791284204.316294,452,379,514,378,451.272705078125,385.03961181640625,6.083244923251009
1791284204.348642,444,382,477,370,423.1748046875,362.1760559082031,28.752000263607055
1791284204.3820002,433,393,452,379,406.8891296386719,388.4295349121094,26.507861138645467
1791284204.414568,416,395,444,382,409.55694580078125,391.86285400390625,7.166214650349054
1791284204.448451,401,401,433,393,399.9635314941406,416.2984619140625,15.333532009933629
1791284204.48268,391,405,416,395,371.9971008300781,408.9888000488281,19.417020953064576
1791284204.5153139,376,407,401,401,356.392822265625,416.8192138671875,21.928483296318923
1791284204.548358,364,414,391,405,355.5684509277344,418.42791748046875,9.523522088590127
1791284204.582363,355,415,376,407,334.8883361816406,416.1487121582031,20.14444243867547
1791284204.613225,336,420,364,414,325.4491882324219,430.0038146972656,14.539461387963888
1791284204.6472802,318,420,355,415,323.7655029296875,423.4817810058594,6.735267107175354
1791284204.681257,301,418,336,420,288.4312438964844,432.40924072265625,19.12066547464069
1791284204.7143931,292,425,318,420,266.5285949707031,425.0869445800781,25.47155341800918
1791284204.748022,286,429,301,418,250.24923706054688,416.294189453125,37.94146376203816
1791284204.782563,286,428,292,425,254.9912872314453,436.3040771484375,32.10137013976083
1791284204.815391,278,434,286,429,260.86383056640625,441.17950439453125,18.579386055731934
1791284204.848556,288,426,286,428,276.4397888183594,431.1321105957031,12.648203102838648
1791284204.881344,317,420,278,434,260.5136413574219,445.4940490722656,61.97302034592995
1791284204.9141052,345,416,288,426,298.0463562011719,417.0080871582031,46.96446428637044
1791284204.947409,395,413,317,420,373.5725402832031,404.7915954589844,22.945891462828783
1791284204.980783,462,418,345,416,420.1986083984375,402.2949523925781,44.654281543638874
1791284205.0136619,496,410,395,413,514.9766845703125,402.1216735839844,20.54708213830923
1791284205.0469089,530,404,462,418,631.1611328125,422.418212890625,102.82414773774033
1791284205.0808692,558,412,496,410,628.957763671875,398.35357666015625,72.25807287275171
1791284205.113773,580,411,530,404,643.4608764648438,387.9412841796875,67.52027263695022
1791284205.1469162,596,404,558,412,652.2586669921875,419.3675842285156,58.31981015708444
1791284205.180164,613,404,580,411,657.6812133789062,413.2644958496094,45.63158678326648
1791284205.213266,617,403,596,404,655.8269653320312,392.3658752441406,40.25689811967556
1791284205.246716,622,400,613,404,667.0346069335938,398.6341552734375,45.05531437555806
1791284205.2803252,634,392,617,403,646.3413696289062,399.26116943359375,14.31900785182569
1791284205.313036,648,393,622,400,641.8884887695312,393.2422790527344,6.116311687572791
1791284205.346389,660,387,634,392,662.8645629882812,375.0687561035156,12.270301627556938
1791284205.379524,676,392,648,393,685.260498046875,387.1927185058594,10.433924450564255
1791284205.411814,689,394,660,387,696.8401489257812,374.482666015625,21.033170494152046
1791284205.444692,712,395,676,392,719.499755859375,395.3254089355469,7.506812167995373
1791284205.478743,715,396,689,394,730.9152221679688,399.6102294921875,16.31956046105606
1791284205.5112698,736,399,712,395,770.2061767578125,399.1933898925781,34.20672343322674
1791284205.54494,747,392,715,396,744.3012084960938,399.3845520019531,7.862256918411307
1791284205.5782259,764,397,736,399,784.3676147460938,405.6986083984375,22.14735917699135
1791284205.611616,774,400,747,392,786.8543701171875,382.5257873535156,21.69292370161748
1791284205.644662,791,401,764,397,810.0706787109375,401.2220153808594,19.071970986899675
1791284205.678852,807,405,774,400,810.8589477539062,407.57452392578125,4.638927808427093
1791284205.711206,817,407,791,401,835.9783935546875,406.0498046875,19.002165483136416
1791284205.745405,832,413,807,405,853.3961181640625,413.9300537109375,21.416322569380437
1791284205.778541,847,421,817,407,854.6217041015625,414.5167541503906,10.006140622550326
1791284205.811688,855,422,832,413,873.0109252929688,426.4821472167969,18.56025521327607
1791284205.8453078,867,424,847,421,890.6204833984375,440.90618896484375,29.047314183773793
1791284205.879634,869,431,855,422,887.3442993164062,432.2982482910156,18.39018123986351
1791284205.912051,882,435,867,424,900.8739013671875,431.3421325683594,19.225091598371627
1791284205.9446871,895,434,869,431,886.140625,446.0519714355469,14.957892260404298
1791284205.97842,899,435,882,435,911.5750732421875,448.8077087402344,18.675794165216235
1791284206.011199,905,439,895,434,931.045654296875,437.9813537597656,26.06556632638291
1791284206.04525,904,440,899,435,920.914794921875,437.98529052734375,17.03435767818379
1791284206.079775,909,443,905,439,924.2752075195312,447.2772521972656,15.862750427456067
1791284206.112978,905,432,904,440,909.9009399414062,445.2977600097656,14.17214287207806
1791284206.146105,885,429,909,443,919.5477294921875,450.2173767089844,40.54285001669609
1791284206.179862,868,414,905,432,902.6234741210938,415.87896728515625,34.6744210949907
1791284206.212508,830,398,885,429,848.2699584960938,416.05145263671875,25.68358085907587
1791284206.2456498,780,365,868,414,821.834716796875,382.52935791015625,45.35881301596298
1791284206.2797241,753,354,830,398,743.0831298828125,355.7086181640625,10.062986085239844
1791284206.3118222,710,353,780,365,653.970703125,288.7314147949219,85.2627301496338
1791284206.3447769,663,352,753,354,653.4194946289062,302.6839904785156,50.23798242653355
1791284206.3785322,625,337,710,353,592.0066528320312,329.98089599609375,33.73171769068045
1791284206.412071,596,336,663,352,529.8155517578125,341.8318786621094,66.44089100736355
1791284206.4449332,574,339,625,337,503.4729309082031,306.9629211425781,77.46251930059955
1791284206.4784288,552,340,596,336,495.5501708984375,321.0944519042969,59.531529078250266
1791284206.51029,536,336,574,339,493.7719421386719,338.621826171875,42.3093706312822
1791284206.543908,519,338,552,340,481.1545104980469,342.180419921875,38.07567447026584
1791284206.579144,506,343,536,336,477.16497802734375,329.9488830566406,31.651068633346505
1791284206.612535,497,349,519,338,465.57672119140625,338.7466125488281,33.05381075317135
1791284206.645139,479,356,506,343,462.880126953125,352.229736328125,16.554914533238385
1791284206.678873,461,360,497,349,463.6532897949219,363.61871337890625,4.487207734717845
1791284206.712018,442,367,479,356,433.4776306152344,374.771728515625,11.533886771204632
1791284206.745048,419,372,461,360,410.32080078125,374.82861328125,9.128502186756297
1791284206.779561,396,386,442,367,387.2577819824219,385.3380432128906,8.767243731918702
1791284206.8126059,375,396,419,372,355.4237976074219,388.61761474609375,20.921933757477436
1791284206.8458931,348,407,396,386,330.2291259765625,416.9963684082031,20.38949104096047
1791284206.8793,316,413,375,396,310.4364929199219,427.1206359863281,15.177120006393316
1791284206.9113011,288,415,348,407,273.7886962890625,439.24359130859375,28.101830415519704
1791284206.943949,269,427,316,413,228.72845458984375,436.8962097167969,41.46965561083311
1791284206.9788852,240,452,288,415,200.08407592773438,428.554931640625,46.29203198087811
1791284207.01214,224,458,269,427,198.33555603027344,453.6103820800781,26.03713559050099
1791284207.045155,216,458,240,452,162.47023010253906,506.581298828125,72.28816542908454
1791284207.0790558,208,460,224,458,163.27713012695312,492.40521240234375,55.22891344687579
1791284207.111965,217,461,216,458,177.18043518066406,471.5635986328125,41.19693384799959
1791284207.14456,238,442,208,460,179.09893798828125,468.1874084472656,64.46018513231448
1791284207.178417,254,424,217,461,221.0165252685547,466.01361083984375,53.413978518377824
1791284207.211479,288,412,238,442,278.20941162109375,410.3606872558594,9.92688103475991
1791284207.245345,348,412,254,424,299.84033203125,378.05902099609375,58.91810990352499
1791284207.279729,404,390,288,412,367.1562805175781,371.1379089355469,41.391281021769736
1791284207.311933,476,400,348,412,486.7328186035156,395.63525390625,11.586388722931618
1791284207.3443892,525,395,404,390,559.4515991210938,346.0480651855469,59.859874741591426
1791284207.378537,572,401,476,400,670.6568603515625,397.44635009765625,98.72084137635848
1791284207.4116101,612,406,525,395,696.088623046875,386.79632568359375,86.253565915677
1791284207.444923,643,401,572,401,722.0203247070312,408.02490234375,79.33196688437693
1791284207.479168,669,402,612,406,744.3553466796875,418.3084411621094,77.09989316694202
1791284207.511811,692,398,643,401,751.6085205078125,397.4879455566406,59.61071981517475
1791284207.545014,702,400,669,402,757.1163330078125,401.7171325683594,55.14307489146214
1791284207.5786529,716,405,692,398,769.2107543945312,390.9871520996094,55.02494243081594
1791284207.611891,733,404,702,400,751.1663818359375,400.3515319824219,18.529132410460303
1791284207.644581,751,410,716,405,759.607666015625,414.2264709472656,9.589315455475743
1791284207.6788192,764,409,733,404,780.8126831054688,406.4225769042969,17.009098242387168
1791284207.711952,778,410,751,410,803.17138671875,421.3417053222656,27.608567310926734
1791284207.7453911,787,406,764,409,807.8102416992188,412.1348876953125,21.6956909688076
1791284207.77855,799,404,778,410,820.5838012695312,412.74688720703125,23.288806604357074
1791284207.8118138,810,402,787,406,820.326416015625,400.0880126953125,10.50193140241559
1791284207.844828,815,401,799,404,833.6320190429688,397.6761169433594,18.926181130692285
1791284207.879701,827,401,810,402,843.7750244140625,395.848388671875,17.54823476502576
1791284207.913007,831,398,815,401,837.8948974609375,396.6731872558594,7.0213989385916795
1791284207.946303,841,402,827,401,856.4713745117188,399.3760070800781,15.692315575645958
1791284207.979593,843,402,831,398,850.578857421875,392.1857604980469,12.399934549133995
1791284208.012894,843,404,841,402,866.2916259765625,406.44635009765625,23.419745289656415
1791284208.046387,848,406,843,402,857.2312622070312,404.2534484863281,9.395032949642752
1791284208.080171,845,406,843,404,848.4486694335938,408.3577880859375,4.177617206062884
1791284208.113502,845,405,848,406,858.6893920898438,411.392578125,15.108425161932171
1791284208.1465018,839,403,845,406,844.315673828125,408.2391357421875,7.463573646188511
1791284208.179855,833,402,845,405,844.2669067382812,404.0515441894531,11.452162285368049
1791284208.2121868,828,396,839,403,828.1286010742188,398.9540100097656,2.9568079704447707
1791284208.2444081,824,395,833,402,817.5394897460938,398.4478454589844,7.3229660008678845
1791284208.279071,823,393,828,396,812.3615112304688,383.88433837890625,14.009736974323395
1791284208.3583848,825,392,824,395,810.2077026367188,387.70037841796875,15.404506062591112
1791284208.417669,821,390,823,393,815.9182739257812,386.829833984375,5.989481818990554
1791284208.4916239,822,388,825,392,826.4813232421875,390.1571044921875,4.973465370462066
1791284208.5532281,817,386,821,390,816.3614501953125,387.05133056640625,1.2300576461802637
1791284208.6189508,798,377,822,388,822.2452392578125,385.23388671875,25.605243938806364
1791284208.692547,775,366,817,386,810.8726806640625,382.86639404296875,39.63993524261228
1791284208.7510982,748,354,798,377,773.5241088867188,365.4118957519531,27.95910404706347
1791284208.822706,667,343,775,366,744.6145629882812,351.49237060546875,78.077786510393
1791284208.8888981,556,409,748,354,705.655029296875,334.9285888671875,166.98263904087352
1791284208.9578948,642,903,667,343,565.929443359375,326.908447265625,581.0922531917954
1791284209.7128892,911,1011,556,409,400.9945068359375,485.12548828125,732.5637208686711
1791284209.852173,883,379,642,903,712.9428100585938,1499.80078125,1133.6286160385057
1791284209.91721,892,432,911,1011,1292.0501708984375,1321.533203125,975.3509413014843
1791284209.991182,912,340,883,379,938.1702270507812,-373.82647705078125,714.3060409394694
1791284210.05306,896,353,892,432,908.1402587890625,325.5537414550781,30.01138103420278
1791284210.122323,894,360,912,340,936.6492309570312,229.070068359375,137.70113979428393
1791284210.191159,873,391,896,353,881.7535400390625,343.8531188964844,47.952610575489096
1791284210.255025,848,391,894,360,888.2869262695312,368.4410400390625,46.172969395154006
